Date,Meeting_title,Category,Url
2014-10-13,,Minutes,https://symonsrec.com/wp-content/uploads/minutes-agendas-newsletters/Minutes_2014-10-13.pdf
2014-11-10,,Agenda,https://symonsrec.com/wp-content/uploads/minutes-agendas-newsletters/Agenda_2014-11-10.pdf
2014-11-10,,Minutes,https://symonsrec.com/wp-content/uploads/minutes-agendas-newsletters/Minutes_2014-11-10.pdf
2014-12-08,,Agenda,https://symonsrec.com/wp-content/uploads/minutes-agendas-newsletters/Agenda_2014-12-08.pdf
2015-01-12,,Agenda,https://symonsrec.com/wp-content/uploads/minutes-agendas-newsletters/Agenda_2015-01-12.pdf
2015-01-12,,Minutes,https://symonsrec.com/wp-content/uploads/minutes-agendas-newsletters/Minutes_2015-01-12.pdf
2015-02-09,,Agenda,https://symonsrec.com/wp-content/uploads/minutes-agendas-newsletters/Agenda_2015-02-09.pdf
2015-02-09,,Minutes,https://symonsrec.com/wp-content/uploads/minutes-agendas-newsletters/Minutes_2015-02-09.pdf
2015-03-09,,Agenda,https://symonsrec.com/wp-content/uploads/minutes-agendas-newsletters/Agenda_2015-03-09.pdf
2015-03-09,,Minutes,https://symonsrec.com/wp-content/uploads/minutes-agendas-newsletters/Minutes_2015-03-09.pdf
2015-04-13,,Agenda,https://symonsrec.com/wp-content/uploads/minutes-agendas-newsletters/Agenda_2015-04-13.pdf
2015-04-13,,Minutes,https://symonsrec.com/wp-content/uploads/minutes-agendas-newsletters/Minutes_2015-04-13.pdf
2015-05-11,,Agenda,https://symonsrec.com/wp-content/uploads/minutes-agendas-newsletters/Agenda_2015-05-11.pdf
2015-05-11,,Minutes,https://symonsrec.com/wp-content/uploads/minutes-agendas-newsletters/Minutes_2015-05-11.pdf
2015-06-08,,Agenda,https://symonsrec.com/wp-content/uploads/minutes-agendas-newsletters/Agenda_2015-06-08.pdf
2015-06-08,,Minutes,https://symonsrec.com/wp-content/uploads/minutes-agendas-newsletters/Minutes_2015-06-08.pdf
2015-07-13,,Agenda,https://symonsrec.com/wp-content/uploads/minutes-agendas-newsletters/Agenda_2015-07-13.pdf
2015-07-13,,Minutes,https://symonsrec.com/wp-content/uploads/minutes-agendas-newsletters/Minutes_2015-07-13.pdf
2015-08-10,,Agenda,https://symonsrec.com/wp-content/uploads/minutes-agendas-newsletters/Agenda_2015-08-10.pdf
2015-08-24,,Agenda,https://symonsrec.com/wp-content/uploads/minutes-agendas-newsletters/Agenda_2015-08-24.pdf
2015-08-31,,Agenda,https://symonsrec.com/wp-content/uploads/minutes-agendas-newsletters/Agenda_2015-08-31.pdf
2015-08-10,,Minutes,https://symonsrec.com/wp-content/uploads/minutes-agendas-newsletters/Minutes_2015-08-10.pdf
2015-08-24,,Minutes,https://symonsrec.com/wp-content/uploads/minutes-agendas-newsletters/Minutes_2015-08-24.pdf
2015-08-31,,Minutes,https://symonsrec.com/wp-content/uploads/minutes-agendas-newsletters/Minutes_2015-08-31.pdf
2015-09-14,,Agenda,https://symonsrec.com/wp-content/uploads/minutes-agendas-newsletters/Agenda_2015-09-14.pdf
2015-09-14,,Minutes,https://symonsrec.com/wp-content/uploads/minutes-agendas-newsletters/Minutes_2015-09-14.pdf
2015-10-12,,Agenda,https://symonsrec.com/wp-content/uploads/minutes-agendas-newsletters/Agenda_2015-10-12.pdf
2015-11-09,,Agenda,https://symonsrec.com/wp-content/uploads/minutes-agendas-newsletters/Agenda_2015-11-09.pdf
2015-11-09,,Minutes,https://symonsrec.com/wp-content/uploads/minutes-agendas-newsletters/Minutes_2015-11-09.pdf
2015-12-14,,Agenda,https://symonsrec.com/wp-content/uploads/minutes-agendas-newsletters/Agenda_2015-12-14.pdf
2015-12-14,,Minutes,https://symonsrec.com/wp-content/uploads/minutes-agendas-newsletters/Minutes_2015-12-14.pdf
2016-01-11,,Agenda,https://symonsrec.com/wp-content/uploads/minutes-agendas-newsletters/Agenda_2016-01-11.pdf
2016-01-11,,Minutes,https://symonsrec.com/wp-content/uploads/minutes-agendas-newsletters/Minutes_2016-01-11.pdf
2016-02-08,,Agenda,https://symonsrec.com/wp-content/uploads/minutes-agendas-newsletters/Agenda_2016-02-08.pdf
2016-02-08,,Minutes,https://symonsrec.com/wp-content/uploads/minutes-agendas-newsletters/Minutes_2016-02-08.pdf
2016-03-14,,Agenda,https://symonsrec.com/wp-content/uploads/minutes-agendas-newsletters/Agenda_2016-03-14.pdf
2016-03-14,,Minutes,https://symonsrec.com/wp-content/uploads/minutes-agendas-newsletters/Minutes_2016-03-14.pdf
2016-04-11,,Agenda,https://symonsrec.com/wp-content/uploads/minutes-agendas-newsletters/Agenda_2016-04-11.pdf
2016-04-11,,Minutes,https://symonsrec.com/wp-content/uploads/minutes-agendas-newsletters/Minutes_2016-04-11.pdf
2016-05-09,,Agenda,https://symonsrec.com/wp-content/uploads/minutes-agendas-newsletters/Agenda_2016-05-09.pdf
2016-06-13,,Minutes,https://symonsrec.com/wp-content/uploads/minutes-agendas-newsletters/Minutes_2016-06-13.pdf
2016-07-11,,Agenda,https://symonsrec.com/wp-content/uploads/minutes-agendas-newsletters/Agenda_2016-07-11.pdf
2016-07-11,,Minutes,https://symonsrec.com/wp-content/uploads/minutes-agendas-newsletters/Minutes_2016-07-11.pdf
2016-08-08,,Agenda,https://symonsrec.com/wp-content/uploads/minutes-agendas-newsletters/Agenda_2016-08-08.pdf
2016-09-12,,Agenda,https://symonsrec.com/wp-content/uploads/minutes-agendas-newsletters/Agenda_2016-09-12.pdf
2016-09-12,,Minutes,https://symonsrec.com/wp-content/uploads/minutes-agendas-newsletters/Minutes_2016-09-12.pdf
2016-09-26,,Minutes,https://symonsrec.com/wp-content/uploads/minutes-agendas-newsletters/Minutes_2016-09-26.pdf
2016-10-10,,Agenda,https://symonsrec.com/wp-content/uploads/minutes-agendas-newsletters/Agenda_2016-10-10.pdf
2016-10-10,,Minutes,https://symonsrec.com/wp-content/uploads/minutes-agendas-newsletters/Minutes_2016-10-10.pdf
2016-11-14,,Agenda,https://symonsrec.com/wp-content/uploads/minutes-agendas-newsletters/Agenda_2016-11-14.pdf
2016-11-14,,Minutes,https://symonsrec.com/wp-content/uploads/minutes-agendas-newsletters/Minutes_2016-11-14.pdf
2016-12-12,,Agenda,https://symonsrec.com/wp-content/uploads/minutes-agendas-newsletters/Agenda_2016-12-12.pdf
2016-12-12,,Minutes,https://symonsrec.com/wp-content/uploads/minutes-agendas-newsletters/Minutes_2016-12-12.pdf
2017-01-09,,Agenda,https://symonsrec.com/wp-content/uploads/minutes-agendas-newsletters/Agenda_2017-01-09.pdf
2017-01-09,,Minutes,https://symonsrec.com/wp-content/uploads/minutes-agendas-newsletters/Minutes_2017-01-09.pdf
2017-02-13,,Agenda,https://symonsrec.com/wp-content/uploads/minutes-agendas-newsletters/Agenda_2017-02-13.pdf
2017-02-13,,Minutes,https://symonsrec.com/wp-content/uploads/minutes-agendas-newsletters/Minutes_2017-02-13.pdf
2017-03-13,,Agenda,https://symonsrec.com/wp-content/uploads/minutes-agendas-newsletters/Agenda_2017-03-13.pdf
2017-03-27,,Minutes,https://symonsrec.com/wp-content/uploads/minutes-agendas-newsletters/Minutes_2017-03-27.pdf
2017-04-10,,Agenda,https://symonsrec.com/wp-content/uploads/minutes-agendas-newsletters/Agenda_2017-04-10.pdf
2017-05-08,,Agenda,https://symonsrec.com/wp-content/uploads/minutes-agendas-newsletters/Agenda_2017-05-08.pdf
2017-05-08,,Minutes,https://symonsrec.com/wp-content/uploads/minutes-agendas-newsletters/Minutes_2017-05-08.pdf
2017-06-12,,Agenda,https://symonsrec.com/wp-content/uploads/minutes-agendas-newsletters/Agenda_2017-06-12.pdf
2017-06-15,,Agenda,https://symonsrec.com/wp-content/uploads/minutes-agendas-newsletters/Agenda_2017-06-15.pdf
2017-06-15,,Minutes,https://symonsrec.com/wp-content/uploads/minutes-agendas-newsletters/Minutes_2017-06-15.pdf
2017-07-10,,Agenda,https://symonsrec.com/wp-content/uploads/minutes-agendas-newsletters/Agenda_2017-07-10.pdf
2017-07-31,,Agenda,https://symonsrec.com/wp-content/uploads/minutes-agendas-newsletters/Agenda_2017-07-31.pdf
2017-07-10,,Minutes,https://symonsrec.com/wp-content/uploads/minutes-agendas-newsletters/Minutes_2017-07-10.pdf
2017-07-31,,Minutes,https://symonsrec.com/wp-content/uploads/minutes-agendas-newsletters/Minutes_2017-07-31.pdf
2017-08-14,,Agenda,https://symonsrec.com/wp-content/uploads/minutes-agendas-newsletters/Agenda_2017-08-14.pdf
2017-08-14,,Minutes,https://symonsrec.com/wp-content/uploads/minutes-agendas-newsletters/Minutes_2017-08-14.pdf
2017-09-11,,Agenda,https://symonsrec.com/wp-content/uploads/minutes-agendas-newsletters/Agenda_2017-09-11.pdf
2017-09-11,,Minutes,https://symonsrec.com/wp-content/uploads/minutes-agendas-newsletters/Minutes_2017-09-11.pdf
2017-10-09,,Agenda,https://symonsrec.com/wp-content/uploads/minutes-agendas-newsletters/Agenda_2017-10-09.pdf
2017-10-09,,Minutes,https://symonsrec.com/wp-content/uploads/minutes-agendas-newsletters/Minutes_2017-10-09.pdf
2017-12-06,,Agenda,https://symonsrec.com/wp-content/uploads/minutes-agendas-newsletters/Agenda_2017-12-06.pdf
2017-12-11,,Minutes,https://symonsrec.com/wp-content/uploads/minutes-agendas-newsletters/Minutes_2017-12-11.pdf
2018-01-08,,Agenda,https://symonsrec.com/wp-content/uploads/minutes-agendas-newsletters/Agenda_2018-01-08.pdf
2018-01-08,,Minutes,https://symonsrec.com/wp-content/uploads/minutes-agendas-newsletters/Minutes_2018-01-08.pdf
2018-02-12,,Agenda,https://symonsrec.com/wp-content/uploads/minutes-agendas-newsletters/Agenda_2018-02-12.pdf
2018-02-12,,Minutes,https://symonsrec.com/wp-content/uploads/minutes-agendas-newsletters/Minutes_2018-02-12.pdf
2018-03-12,,Agenda,https://symonsrec.com/wp-content/uploads/minutes-agendas-newsletters/Agenda_2018-03-12.pdf
2018-03-12,,Minutes,https://symonsrec.com/wp-content/uploads/minutes-agendas-newsletters/Minutes_2018-03-12.pdf
2018-04-09,,Agenda,https://symonsrec.com/wp-content/uploads/minutes-agendas-newsletters/Agenda_2018-04-09.pdf
2018-04-09,,Minutes,https://symonsrec.com/wp-content/uploads/minutes-agendas-newsletters/Minutes_2018-04-09.pdf
2018-05-14,,Agenda,https://symonsrec.com/wp-content/uploads/minutes-agendas-newsletters/Agenda_2018-05-14.pdf
2018-05-14,,Minutes,https://symonsrec.com/wp-content/uploads/minutes-agendas-newsletters/Minutes_2018-05-14.pdf
2018-06-11,,Agenda,https://symonsrec.com/wp-content/uploads/minutes-agendas-newsletters/Agenda_2018-06-11.pdf
2018-06-11,,Minutes,https://symonsrec.com/wp-content/uploads/minutes-agendas-newsletters/Minutes_2018-06-11.pdf
2018-07-09,,Agenda,https://symonsrec.com/wp-content/uploads/minutes-agendas-newsletters/Agenda_2018-07-09.pdf
2018-07-09,,Minutes,https://symonsrec.com/wp-content/uploads/minutes-agendas-newsletters/Minutes_2018-07-09.pdf
2018-08-13,,Agenda,https://symonsrec.com/wp-content/uploads/minutes-agendas-newsletters/Agenda_2018-08-13.pdf
2018-08-13,,Minutes,https://symonsrec.com/wp-content/uploads/minutes-agendas-newsletters/Minutes_2018-08-13.pdf
2018-09-10,,Agenda,https://symonsrec.com/wp-content/uploads/minutes-agendas-newsletters/Agenda_2018-09-10.pdf
2018-09-10,,Minutes,https://symonsrec.com/wp-content/uploads/minutes-agendas-newsletters/Minutes_2018-09-10.pdf
2018-10-08,,Agenda,https://symonsrec.com/wp-content/uploads/minutes-agendas-newsletters/Agenda_2018-10-08.pdf
2018-10-08,,Minutes,https://symonsrec.com/wp-content/uploads/minutes-agendas-newsletters/Minutes_2018-10-08.pdf
2018-11-12,,Agenda,https://symonsrec.com/wp-content/uploads/minutes-agendas-newsletters/Agenda_2018-11-12.pdf
2018-11-12,,Minutes,https://symonsrec.com/wp-content/uploads/minutes-agendas-newsletters/Minutes_2018-11-12.pdf
2018-12-10,,Agenda,https://symonsrec.com/wp-content/uploads/minutes-agendas-newsletters/Agenda_2018-12-10.pdf
2018-12-13,,Agenda,https://symonsrec.com/wp-content/uploads/minutes-agendas-newsletters/Agenda_2018-12-13.pdf
2018-12-10,,Minutes,https://symonsrec.com/wp-content/uploads/minutes-agendas-newsletters/Minutes_2018-12-10.pdf
2018-12-13,,Minutes,https://symonsrec.com/wp-content/uploads/minutes-agendas-newsletters/Minutes_2018-12-13.pdf
2019-01-14,,Agenda,https://symonsrec.com/wp-content/uploads/minutes-agendas-newsletters/Agenda_2019-01-14.pdf
2019-01-23,,Agenda,https://symonsrec.com/wp-content/uploads/minutes-agendas-newsletters/Agenda_2019-01-23.pdf
2019-01-14,,Minutes,https://symonsrec.com/wp-content/uploads/minutes-agendas-newsletters/Minutes_2019-01-14.pdf
2019-01-23,,Minutes,https://symonsrec.com/wp-content/uploads/minutes-agendas-newsletters/Minutes_2019-01-23.pdf
2019-02-18,,Agenda,https://symonsrec.com/wp-content/uploads/minutes-agendas-newsletters/Agenda_2019-02-18.pdf
2019-02-18,,Minutes,https://symonsrec.com/wp-content/uploads/minutes-agendas-newsletters/Minutes_2019-02-18.pdf
2019-03-11,,Agenda,https://symonsrec.com/wp-content/uploads/minutes-agendas-newsletters/Agenda_2019-03-11.pdf
2019-03-11,,Minutes,https://symonsrec.com/wp-content/uploads/minutes-agendas-newsletters/Minutes_2019-03-11.pdf
2019-04-08,,Agenda,https://symonsrec.com/wp-content/uploads/minutes-agendas-newsletters/Agenda_2019-04-08.pdf
2019-04-29,,Agenda,https://symonsrec.com/wp-content/uploads/minutes-agendas-newsletters/Agenda_2019-04-29.pdf
2019-04-08,,Minutes,https://symonsrec.com/wp-content/uploads/minutes-agendas-newsletters/Minutes_2019-04-08.pdf
2019-04-29,,Minutes,https://symonsrec.com/wp-content/uploads/minutes-agendas-newsletters/Minutes_2019-04-29.pdf
2019-05-13,,Agenda,https://symonsrec.com/wp-content/uploads/minutes-agendas-newsletters/Agenda_2019-05-13.pdf
2019-05-13,,Minutes,https://symonsrec.com/wp-content/uploads/minutes-agendas-newsletters/Minutes_2019-05-13.pdf
2019-06-10,,Agenda,https://symonsrec.com/wp-content/uploads/minutes-agendas-newsletters/Agenda_2019-06-10.pdf
2019-06-10,,Minutes,https://symonsrec.com/wp-content/uploads/minutes-agendas-newsletters/Minutes_2019-06-10.pdf
2019-07-08,,Agenda,https://symonsrec.com/wp-content/uploads/minutes-agendas-newsletters/Agenda_2019-07-08.pdf
2019-07-08,,Minutes,https://symonsrec.com/wp-content/uploads/minutes-agendas-newsletters/Minutes_2019-07-08.pdf
2019-08-12,,Agenda,https://symonsrec.com/wp-content/uploads/minutes-agendas-newsletters/Agenda_2019-08-12.pdf
2019-08-12,,Minutes,https://symonsrec.com/wp-content/uploads/minutes-agendas-newsletters/Minutes_2019-08-12.pdf
2019-09-09,,Agenda,https://symonsrec.com/wp-content/uploads/minutes-agendas-newsletters/Agenda_2019-09-09.pdf
2019-09-09,,Minutes,https://symonsrec.com/wp-content/uploads/minutes-agendas-newsletters/Minutes_2019-09-09.pdf
2019-10-14,,Agenda,https://symonsrec.com/wp-content/uploads/minutes-agendas-newsletters/Agenda_2019-10-14.pdf
2019-10-14,,Minutes,https://symonsrec.com/wp-content/uploads/minutes-agendas-newsletters/Minutes_2019-10-14.pdf
2019-11-11,,Agenda,https://symonsrec.com/wp-content/uploads/minutes-agendas-newsletters/Agenda_2019-11-11.pdf
2019-11-11,,Minutes,https://symonsrec.com/wp-content/uploads/minutes-agendas-newsletters/Minutes_2019-11-11.pdf
2019-12-09,,Agenda,https://symonsrec.com/wp-content/uploads/minutes-agendas-newsletters/Agenda_2019-12-09.pdf
2019-12-09,,Minutes,https://symonsrec.com/wp-content/uploads/minutes-agendas-newsletters/Minutes_2019-12-09.pdf
2020-01-13,,Agenda,https://symonsrec.com/wp-content/uploads/minutes-agendas-newsletters/Agenda_2020-01-13.pdf
2020-01-13,,Minutes,https://symonsrec.com/wp-content/uploads/minutes-agendas-newsletters/Minutes_2020-01-13.pdf
2020-03-09,,Agenda,https://symonsrec.com/wp-content/uploads/minutes-agendas-newsletters/Agenda_2020-03-09.pdf
2020-03-09,,Minutes,https://symonsrec.com/wp-content/uploads/minutes-agendas-newsletters/Minutes_2020-03-09.pdf
2020-04-13,,Agenda,https://symonsrec.com/wp-content/uploads/minutes-agendas-newsletters/Agenda_2020-04-13.pdf
2020-04-13,,Minutes,https://symonsrec.com/wp-content/uploads/minutes-agendas-newsletters/Minutes_2020-04-13.pdf
2020-05-11,,Agenda,https://symonsrec.com/wp-content/uploads/minutes-agendas-newsletters/Agenda_2020-05-11.pdf
2020-05-11,,Minutes,https://symonsrec.com/wp-content/uploads/minutes-agendas-newsletters/Minutes_2020-05-11.pdf
2020-06-08,,Agenda,https://symonsrec.com/wp-content/uploads/minutes-agendas-newsletters/Agenda_2020-06-08.pdf
2020-06-16,,Agenda,https://symonsrec.com/wp-content/uploads/minutes-agendas-newsletters/Agenda_2020-06-16.pdf
2020-06-08,,Minutes,https://symonsrec.com/wp-content/uploads/minutes-agendas-newsletters/Minutes_2020-06-08.pdf
2020-06-16,,Minutes,https://symonsrec.com/wp-content/uploads/minutes-agendas-newsletters/Minutes_2020-06-16.pdf
2020-07-13,,Agenda,https://symonsrec.com/wp-content/uploads/minutes-agendas-newsletters/Agenda_2020-07-13.pdf
2020-07-13,,Minutes,https://symonsrec.com/wp-content/uploads/minutes-agendas-newsletters/Minutes_2020-07-13.pdf
2020-08-10,,Agenda,https://symonsrec.com/wp-content/uploads/minutes-agendas-newsletters/Agenda_2020-08-10.pdf
2020-08-10,,Minutes,https://symonsrec.com/wp-content/uploads/minutes-agendas-newsletters/Minutes_2020-08-10.pdf
2020-09-14,,Agenda,https://symonsrec.com/wp-content/uploads/minutes-agendas-newsletters/Agenda_2020-09-14.pdf
2020-09-14,,Minutes,https://symonsrec.com/wp-content/uploads/minutes-agendas-newsletters/Minutes_2020-09-14.pdf
2020-10-12,,Agenda,https://symonsrec.com/wp-content/uploads/minutes-agendas-newsletters/Agenda_2020-10-12.pdf
2020-10-12,,Minutes,https://symonsrec.com/wp-content/uploads/minutes-agendas-newsletters/Minutes_2020-10-12.pdf
2020-11-09,,Agenda,https://symonsrec.com/wp-content/uploads/minutes-agendas-newsletters/Agenda_2020-11-09.pdf
2020-11-09,,Minutes,https://symonsrec.com/wp-content/uploads/minutes-agendas-newsletters/Minutes_2020-11-09.pdf
2021-01-11,,Agenda,https://symonsrec.com/wp-content/uploads/minutes-agendas-newsletters/Agenda_2021-01-11.pdf
2021-01-11,,Minutes,https://symonsrec.com/wp-content/uploads/minutes-agendas-newsletters/Minutes_2021-01-11.pdf
2021-02-08,,Agenda,https://symonsrec.com/wp-content/uploads/minutes-agendas-newsletters/Agenda_2021-02-08.pdf
2021-02-08,,Minutes,https://symonsrec.com/wp-content/uploads/minutes-agendas-newsletters/Minutes_2021-02-08.pdf
2021-03-08,,Agenda,https://symonsrec.com/wp-content/uploads/minutes-agendas-newsletters/Agenda_2021-03-08.pdf
2021-03-08,,Minutes,https://symonsrec.com/wp-content/uploads/minutes-agendas-newsletters/Minutes_2021-03-08.pdf
2021-04-12,,Agenda,https://symonsrec.com/wp-content/uploads/minutes-agendas-newsletters/Agenda_2021-04-12.pdf
2021-04-12,,Minutes,https://symonsrec.com/wp-content/uploads/minutes-agendas-newsletters/Minutes_2021-04-12.pdf
2021-05-10,,Agenda,https://symonsrec.com/wp-content/uploads/minutes-agendas-newsletters/Agenda_2021-05-10.pdf
2021-05-10,,Minutes,https://symonsrec.com/wp-content/uploads/minutes-agendas-newsletters/Minutes_2021-05-10.pdf
2021-06-14,,Agenda,https://symonsrec.com/wp-content/uploads/minutes-agendas-newsletters/Agenda_2021-06-14.pdf
2021-06-14,,Minutes,https://symonsrec.com/wp-content/uploads/minutes-agendas-newsletters/Minutes_2021-06-14.pdf
2021-07-26,,Agenda,https://symonsrec.com/wp-content/uploads/minutes-agendas-newsletters/Agenda_2021-07-26.pdf
2021-07-26,,Minutes,https://symonsrec.com/wp-content/uploads/minutes-agendas-newsletters/Minutes_2021-07-26.pdf
2021-08-09,,Agenda,https://symonsrec.com/wp-content/uploads/minutes-agendas-newsletters/Agenda_2021-08-09.pdf
2021-08-09,,Minutes,https://symonsrec.com/wp-content/uploads/minutes-agendas-newsletters/Minutes_2021-08-09.pdf
2021-10-11,,Agenda,https://symonsrec.com/wp-content/uploads/minutes-agendas-newsletters/Agenda_2021-10-11.pdf
2021-10-11,,Minutes,https://symonsrec.com/wp-content/uploads/minutes-agendas-newsletters/Minutes_2021-10-11.pdf
2021-11-08,,Agenda,https://symonsrec.com/wp-content/uploads/minutes-agendas-newsletters/Agenda_2021-11-08.pdf
2021-11-08,,Minutes,https://symonsrec.com/wp-content/uploads/minutes-agendas-newsletters/Minutes_2021-11-08.pdf
2021-12-13,,Agenda,https://symonsrec.com/wp-content/uploads/minutes-agendas-newsletters/Agenda_2021-12-13.pdf
2021-12-13,,Minutes,https://symonsrec.com/wp-content/uploads/minutes-agendas-newsletters/Minutes_2021-12-13.pdf
2022-01-10,,Agenda,https://symonsrec.com/wp-content/uploads/minutes-agendas-newsletters/Agenda_2022-01-10.pdf
2022-01-10,,Minutes,https://symonsrec.com/wp-content/uploads/minutes-agendas-newsletters/Minutes_2022-01-10.pdf
2022-02-14,,Agenda,https://symonsrec.com/wp-content/uploads/minutes-agendas-newsletters/Agenda_2022-02-14.pdf
2022-02-14,,Minutes,https://symonsrec.com/wp-content/uploads/minutes-agendas-newsletters/Minutes_2022-02-14.pdf
2022-04-11,,Agenda,https://symonsrec.com/wp-content/uploads/minutes-agendas-newsletters/Agenda_2022-04-11.pdf
2022-04-11,,Minutes,https://symonsrec.com/wp-content/uploads/minutes-agendas-newsletters/Minutes_2022-04-11.pdf
2022-06-13,,Agenda,https://symonsrec.com/wp-content/uploads/minutes-agendas-newsletters/Agenda_2022-06-13.pdf
2022-06-13,,Minutes,https://symonsrec.com/wp-content/uploads/minutes-agendas-newsletters/Minutes_2022-06-13.pdf
2022-07-11,,Agenda,https://symonsrec.com/wp-content/uploads/minutes-agendas-newsletters/Agenda_2022-07-11.pdf
2022-07-11,,Minutes,https://symonsrec.com/wp-content/uploads/minutes-agendas-newsletters/Minutes_2022-07-11.pdf
2022-09-12,,Agenda,https://symonsrec.com/wp-content/uploads/minutes-agendas-newsletters/Agenda_2022-09-12.pdf
2022-09-12,,Minutes,https://symonsrec.com/wp-content/uploads/minutes-agendas-newsletters/Minutes_2022-09-12.pdf
2022-10-10,,Agenda,https://symonsrec.com/wp-content/uploads/minutes-agendas-newsletters/Agenda_2022-10-10.pdf
2022-10-24,,Agenda,https://symonsrec.com/wp-content/uploads/minutes-agendas-newsletters/Agenda_2022-10-24.pdf
2022-10-24,,Minutes,https://symonsrec.com/wp-content/uploads/minutes-agendas-newsletters/Minutes_2022-10-24.pdf
2022-12-12,,Agenda,https://symonsrec.com/wp-content/uploads/minutes-agendas-newsletters/Agenda_2022-12-12.pdf
2023-02-13,,Agenda,https://symonsrec.com/wp-content/uploads/minutes-agendas-newsletters/Agenda_2023-02-13.pdf
2023-02-13,,Minutes,https://symonsrec.com/wp-content/uploads/minutes-agendas-newsletters/Minutes_2023-02-13.pdf
2023-03-13,,Agenda,https://symonsrec.com/wp-content/uploads/minutes-agendas-newsletters/Agenda_2023-03-13.pdf
2023-03-13,,Minutes,https://symonsrec.com/wp-content/uploads/minutes-agendas-newsletters/Minutes_2023-03-13.pdf
2023-04-10,,Agenda,https://symonsrec.com/wp-content/uploads/minutes-agendas-newsletters/Agenda_2023-04-10.pdf
2023-04-10,,Minutes,https://symonsrec.com/wp-content/uploads/minutes-agendas-newsletters/Minutes_2023-04-10.pdf
2023-05-08,,Agenda,https://symonsrec.com/wp-content/uploads/minutes-agendas-newsletters/Agenda_2023-05-08.pdf
2023-05-08,,Minutes,https://symonsrec.com/wp-content/uploads/minutes-agendas-newsletters/Minutes_2023-05-08.pdf
2023-07-10,,Agenda,https://symonsrec.com/wp-content/uploads/minutes-agendas-newsletters/Agenda_2023-07-10.pdf
2023-07-10,,Minutes,https://symonsrec.com/wp-content/uploads/minutes-agendas-newsletters/Minutes_2023-07-10.pdf
2023-08-14,,Agenda,https://symonsrec.com/wp-content/uploads/minutes-agendas-newsletters/Agenda_2023-08-14.pdf
2023-08-28,,Agenda,https://symonsrec.com/wp-content/uploads/minutes-agendas-newsletters/Agenda_2023-08-28.pdf
2023-08-28,,Minutes,https://symonsrec.com/wp-content/uploads/minutes-agendas-newsletters/Minutes_2023-08-28.pdf
2023-10-09,,Agenda,https://symonsrec.com/wp-content/uploads/minutes-agendas-newsletters/Agenda_2023-10-09.pdf
2023-10-09,,Minutes,https://symonsrec.com/wp-content/uploads/minutes-agendas-newsletters/Minutes_2023-10-09.pdf
2023-11-27,,Agenda,https://symonsrec.com/wp-content/uploads/minutes-agendas-newsletters/Agenda_2023-11-27.pdf
2023-11-27,,Minutes,https://symonsrec.com/wp-content/uploads/minutes-agendas-newsletters/Minutes_2023-11-27.pdf
2023-12-14,,Agenda,https://symonsrec.com/wp-content/uploads/minutes-agendas-newsletters/Agenda_2023-12-14.pdf
2023-12-14,,Minutes,https://symonsrec.com/wp-content/uploads/minutes-agendas-newsletters/Minutes_2023-12-14.pdf
2024-02-15,,Agenda,https://symonsrec.com/wp-content/uploads/minutes-agendas-newsletters/Agenda_2024-02-15.pdf
2024-02-15,,Minutes,https://symonsrec.com/wp-content/uploads/minutes-agendas-newsletters/Minutes_2024-02-15.pdf
2024-04-15,,Agenda,https://symonsrec.com/wp-content/uploads/minutes-agendas-newsletters/Agenda_2024-04-15.pdf
2024-04-15,,Minutes,https://symonsrec.com/wp-content/uploads/minutes-agendas-newsletters/Minutes_2024-04-15.pdf
2024-05-13,,Agenda,https://symonsrec.com/wp-content/uploads/minutes-agendas-newsletters/Agenda_2024-05-13.pdf
2024-05-13,,Minutes,https://symonsrec.com/wp-content/uploads/minutes-agendas-newsletters/Minutes_2024-05-13.pdf
2024-06-10,,Agenda,https://symonsrec.com/wp-content/uploads/minutes-agendas-newsletters/Agenda_2024-06-10.pdf
2024-06-10,,Minutes,https://symonsrec.com/wp-content/uploads/minutes-agendas-newsletters/Minutes_2024-06-10.pdf
2024-07-08,,Agenda,https://symonsrec.com/wp-content/uploads/minutes-agendas-newsletters/Agenda_2024-07-08.pdf
2024-07-08,,Minutes,https://symonsrec.com/wp-content/uploads/minutes-agendas-newsletters/Minutes_2024-07-08.pdf
2024-09-09,,Agenda,https://symonsrec.com/wp-content/uploads/minutes-agendas-newsletters/Agenda_2024-09-09.pdf
2024-09-09,,Minutes,https://symonsrec.com/wp-content/uploads/minutes-agendas-newsletters/Minutes_2024-09-09.pdf
2024-10-14,,Agenda,https://symonsrec.com/wp-content/uploads/minutes-agendas-newsletters/Agenda_2024-10-14.pdf
2024-10-14,,Minutes,https://symonsrec.com/wp-content/uploads/minutes-agendas-newsletters/Minutes_2024-10-14.pdf
2024-11-11,,Agenda,https://symonsrec.com/wp-content/uploads/minutes-agendas-newsletters/Agenda_2024-11-11.pdf
2024-12-09,,Agenda,https://symonsrec.com/wp-content/uploads/minutes-agendas-newsletters/Agenda_2024-12-09.pdf
2024-12-09,,Minutes,https://symonsrec.com/wp-content/uploads/minutes-agendas-newsletters/Minutes_2024-12-09.pdf
2025-01-13,,Agenda,https://symonsrec.com/wp-content/uploads/minutes-agendas-newsletters/Agenda_2025-01-13.pdf
2025-01-13,,Minutes,https://symonsrec.com/wp-content/uploads/minutes-agendas-newsletters/Minutes_2025-01-13.pdf
2025-02-10,,Agenda,https://symonsrec.com/wp-content/uploads/minutes-agendas-newsletters/Agenda_2025-02-10.pdf
2025-03-10,,Agenda,https://symonsrec.com/wp-content/uploads/minutes-agendas-newsletters/Agenda_2025-03-10.pdf
2025-03-25,,Agenda,https://symonsrec.com/wp-content/uploads/minutes-agendas-newsletters/Agenda_2025-03-25.pdf
2025-04-14,,Agenda,https://symonsrec.com/wp-content/uploads/minutes-agendas-newsletters/Agenda_2025-04-14.pdf
2025-04-14,,Minutes,https://symonsrec.com/wp-content/uploads/minutes-agendas-newsletters/Minutes_2025-04-14.pdf
2025-05-12,,Agenda,https://symonsrec.com/wp-content/uploads/minutes-agendas-newsletters/Agenda_2025-05-12.pdf
